彩书坊：365夜宝宝睡前故事（珍藏版）,￥88.00,吉林出版集团有限责任公司,,2008年11月,http://item.jd.com/10113257.html
快乐手工坊丛书・第1辑：儿童趣味手影,￥12.00,湖南美术出版社,,2012年08月,http://item.jd.com/11093994.html
小熊维尼“我是最棒的”启迪心灵系列图画书（套装共10册）,￥80.00,童趣出版有限公司,,2013年11月,http://item.jd.com/11351144.html
快乐手工坊丛书・第2辑：儿童靓丽纸花,￥12.00,湖南美术出版社,,2012年08月,http://item.jd.com/11068626.html
我的第一套百科全书（套装共12册）,￥201.60,吉林出版集团,,2012年03月,http://item.jd.com/11050195.html
动物小说大王沈石溪・品藏书系：狼王梦,￥18.00,浙江少年儿童出版社,沈石溪,2009年10月,http://item.jd.com/10016200.html
彩书坊：格林童话（珍藏版）,￥88.00,吉林出版集团有限责任公司,,2008年11月,http://item.jd.com/10113256.html
彩书坊：中国成语故事（珍藏版）,￥88.00,吉林出版集团有限责任公司,,2008年11月,http://item.jd.com/10113262.html
彩书坊：安徒生童话（珍藏版）,￥88.00,吉林出版集团有限责任公司,,2008年11月,http://item.jd.com/10246269.html
迪士尼动画美绘典藏书系：冰雪奇缘,￥28.00,人民邮电出版社,美国迪士尼公司,2014年01月,http://item.jd.com/11395016.html
彩书坊：一千零一夜（珍藏版）,￥88.00,吉林出版集团有限责任公司,,2009年03月,http://item.jd.com/10360910.html
冰心奖获奖作家精品书系（京东套装全10册）,￥150.00,安徽少年儿童出版社,冰心奖办公室组稿,2013年06月,http://item.jd.com/11253512.html
0-3岁宝宝认读全书（套装共10册）,￥100.00,中国人口出版社,,2010年01月,http://item.jd.com/10367338.html
信谊世界精选图画书：猜猜我有多爱你（精装）,￥35.80,明天出版社,山姆・麦克布雷尼,2013年07月,http://item.jd.com/11296756.html
彩书坊：十万个为什么全集,￥176.00,吉林出版集团有限责任公司,,2008年11月,http://item.jd.com/11279583.html
小熊维尼经典图画故事书・给孩子最好的爱（套装共12册）,￥117.60,人民邮电出版社,美国迪斯尼公司,2013年05月,http://item.jd.com/11357902.html
信谊世界精选图画书：好饿的毛毛虫,￥39.80,明天出版社,艾瑞・卡尔,2008年04月,http://item.jd.com/10014239.html
彩书坊：智力开发大百科（珍藏版）,￥88.00,吉林出版集团有限责任公司,,2009年03月,http://item.jd.com/10360911.html
彩书坊：伴随女孩成长的好故事（珍藏版）,￥88.00,吉林出版集团有限责任公司,,2009年03月,http://item.jd.com/10031941.html
彩书坊：恐龙王国大百科,￥88.00,吉林出版集团有限责任公司,,2008年11月,http://item.jd.com/10113259.html
信谊世界精选图画书：爷爷一定有办法,￥32.80,明天出版社,,2013年04月,http://item.jd.com/11248825.html
彩书坊：超有趣幼儿十万个为什么（套装共4册）,￥67.20,北方妇女儿童出版社,,2013年06月,http://item.jd.com/11252617.html
信谊世界精选图画书：蚯蚓的日记,￥32.80,明天出版社,朵琳・克罗宁,2013年04月,http://item.jd.com/11238683.html
幼儿Baby创意涂画书（进阶）（套装共4册）,￥55.20,吉林出版集团,,2013年06月,http://item.jd.com/11271548.html
沈石溪动物小说感悟生命书系：狼国女王,￥23.80,人民邮电出版社,沈石溪,2013年09月,http://item.jd.com/11317446.html
长青藤国际大奖小说书系（套装共6册）,￥98.70,云南出版集团公司,赖清河,2013年03月,http://item.jd.com/11181664.html
礼品装家庭必读书：四书・五经（套装共6册）,￥198.00,辽海出版社,,2012年01月,http://item.jd.com/11106281.html
我的第一套经典名著书（插图注音版）（套装全15册）,￥180.00,安徽少年儿童出版社,司马迁,2013年04月,http://item.jd.com/11195715.html
我的第一本科学漫画书・绝境生存系列（25）：人体历险记（套装共3册）,￥75.00,二十一世纪出版社,,2013年01月,http://item.jd.com/11314054.html
动物小说大王沈石溪・品藏书系（套装全26册）,￥469.00,浙江少年儿童出版社,沈石溪,2011年07月,http://item.jd.com/11181643.html
一本书读懂情商,￥32.00,中国商业出版社,梁革兵,2013年07月,http://item.jd.com/11281551.html
阳光姐姐小书房：做好学生有点累,￥16.00,明天出版社,伍美珍,2007年06月,http://item.jd.com/10014209.html
一本书读懂投资理财学,￥32.00,中国华侨出版社,李昊轩,2010年09月,http://item.jd.com/10360327.html
女人就是要有气质：我的第一本女人魅力气质书,￥32.00,中国华侨出版社,梦小梵,2013年11月,http://item.jd.com/11333647.html
超值典藏2・世界上最伟大的励志书：羊皮卷,￥19.90,吉林出版集团有限责任公司,卡耐基,2011年01月,http://item.jd.com/10383929.html
快乐手工坊丛书・第1辑：儿童缤纷纸贴,￥12.00,湖南美术出版社,,2012年08月,http://item.jd.com/11093993.html
给工薪族的第一本理财启蒙书 ：为工薪族量身打造的最全面、最实用的理财宝典,￥32.00,中国华侨出版社,李昊轩,2012年09月,http://item.jd.com/11078305.html
套装 礼品装家庭必读书：心灵鸡汤全集（共6册）,￥198.00,辽海出版社,,2012年01月,http://item.jd.com/11106285.html
书都不会读，你还想成功：神奇读书法，职场菜鸟变CEO,￥32.00,广西科学技术出版社,二志成,2013年04月,http://item.jd.com/11177887.html
搞懂金融的第一本书（全新修订版）,￥36.00,天津教育出版社,文,2013年10月,http://item.jd.com/10914702.html
四库全书（珍藏本）（超值白金版）,￥29.80,中国华侨出版社,,2010年09月,http://item.jd.com/10001686.html
我这辈子有过你  阅读张小娴小说的首选必读之作 限量赠送精美磁力书签 签章本,￥32.00,湖南文艺出版社,张小娴,,http://item.jd.com/1081026844.html
中国P2P借贷服务行业白皮书（2013）,￥49.00,中国经济出版社,第一财经新金融研究中心,2013年07月,http://item.jd.com/11277230.html
遇见未知的自己书 全套共4册 经典收藏版张德芬身心灵四部曲,￥127.00,湖南文艺,张德芬,,http://item.jd.com/1048730071.html
淡定的女人最优雅 权威畅销修订珍藏译本 连续半个世纪最受女性欢迎的心灵慰藉书 女性励志,￥32.00,中国华侨出版社,戴尔・卡耐基,2013年04月,http://item.jd.com/1058531151.html
小熊维尼情绪管理图画书・不哭不哭：打败挫折,￥12.00,人民邮电出版社,,2011年01月,http://item.jd.com/10360134.html
礼品装家庭必读书：鲁迅经典作品全集（套装共6册）,￥198.00,辽海出版社,鲁迅,2012年01月,http://item.jd.com/11106270.html
入学准备一日一练丛书系列（套装共4册）,￥67.20,北京少年儿童出版社,杨曦,2013年01月,http://item.jd.com/11185418.html
我们从未不认识：林宥嘉音乐小说概念书,￥49.80,湖南文艺出版社,林宥嘉,2013年11月,http://item.jd.com/11331971.html
彩书坊：影响孩子一生的世界经典寓言（珍藏版）,￥88.00,吉林出版集团有限责任公司,,2009年03月,http://item.jd.com/10212260.html
习惯的力量 正版职场励志书籍 蔡康永推荐必读书 正版包邮,￥59.00,中信出版社,,,http://item.jd.com/1075259422.html
梦里花落知多少 郭敬明 图书小说 经典老版本 正版包邮,￥20.00,春风文艺,,,http://item.jd.com/1075324533.html
中国儿童成长必读丛书：咏读唐诗300首（最新版・彩图注音）（附光盘）,￥16.80,海豚出版社,,2009年01月,http://item.jd.com/10044554.html
DK儿童百科全书,￥138.00,中国大百科全书出版社,杨寅辉,2010年06月,http://item.jd.com/10084908.html
彩书坊：十万个为什么・自然之谜（珍藏版）,￥88.00,吉林出版集团有限责任公司,,2008年11月,http://item.jd.com/10113260.html
第3版核心技能丛书：观色・观行・观心（洞察他人心理）,￥15.00,中国书籍出版社,黄大钊,2009年08月,http://item.jd.com/10976113.html
乐高全书（套装共2册）,￥198.00,科学普及出版社,耐文・马爹利,2012年09月,http://item.jd.com/11116822.html
写写擦擦书（套装共6册）,￥60.00,地质出版社,,2013年10月,http://item.jd.com/11327242.html
图灵程序设计丛书：jQuery实战（第2版）,￥69.00,人民邮电出版社,比伯奥特,2012年03月,http://item.jd.com/10960689.html
新g古文^止（增5版）：古籍今注新g,￥108.50,三民局印行,,2013年01月,http://item.jd.com/16011053.html
小红花：幼儿写写擦擦书（套装全6册）,￥60.00,中国人口出版社,,2013年05月,http://item.jd.com/11260572.html
快乐手工坊丛书・第2辑：儿童妙趣翻绳,￥12.00,湖南美术出版社,,2012年08月,http://item.jd.com/11068627.html
金融衍生品系列丛书：场外衍生品,￥49.00,中国财政经济出版社,中期协,2013年07月,http://item.jd.com/11294018.html
超级记忆术大全集 智力开发 自我完善书籍 全四册 礼品盒装,￥296.00,中国华侨出版社,,,http://item.jd.com/1054075483.html
我的第一本科学漫画书：寻宝记系列（1-20）（套装共20册）,￥500.00,二十一世纪出版社,小熊工作室,2013年06月,http://item.jd.com/11235552.html
新东方：俞敏洪励志图书（套装全5册）,￥144.20,群言出版社,俞敏洪,2011年01月,http://item.jd.com/1060161630.html
黄金屋：财商枕边书（全2册）,￥98.00,辽海出版社,,2013年06月,http://item.jd.com/1047693358.html
彩书坊：三字经.百家姓.弟子规,￥88.00,吉林出版集团有限责任公司,,2009年11月,http://item.jd.com/10212374.html
汉书补注（套装共12册）,￥880.00,上海古籍出版社,汉,2012年06月,http://item.jd.com/10970780.html
女人的资本大全集 女性的励志圣经必读书籍 原价59元包邮,￥59.00,外文出版社,,,http://item.jd.com/1075960894.html
狼性法则全书,￥36.00,当代世界出版社,羌狄,2009年01月,http://item.jd.com/1051646299.html
毛毛豆启蒙馆撕不烂的认知书（适合0-2岁）（套装全10册）,￥99.00,江苏美术出版社,,2013年01月,http://item.jd.com/11177485.html
彩书坊：影响孩子一生的好故事（套装共2册）,￥176.00,吉林出版集团有限责任公司,,2009年03月,http://item.jd.com/11279584.html
FPA性格色彩入门:跟乐嘉色眼识人 本书为乐嘉所有性格色彩书中的奠基之作，此后再无第二本！,￥39.00,湖南文艺出版社,乐嘉,2012年05月,http://item.jd.com/1027482359.html
动物小说大王沈石溪・品藏书系：第七条猎狗,￥16.00,浙江少年儿童出版社,沈石溪,2008年11月,http://item.jd.com/10016042.html
0-3岁baby认知全书（套装全6册）（赠宝宝认知全书纸袋1个）,￥60.00,北京理工大学出版社,,2012年10月,http://item.jd.com/10998494.html
卡耐基口才训练全集 叶立新 口才说话书籍,￥36.80,海潮出版社,,,http://item.jd.com/1041664830.html
彩书坊：唐诗300首（珍藏版）,￥88.00,吉林出版集团有限责任公司,,2009年11月,http://item.jd.com/10212372.html
中国儿童成长必读丛书：让男孩子着迷的93个成长好故事（最新版・彩图注音）（附光盘）,￥16.80,海豚出版社,,2010年10月,http://item.jd.com/10271421.html
羊皮卷全书 羊皮卷大全集 经典励志书籍,￥36.00,吉林大学出版社,曼狄诺,2010年01月,http://item.jd.com/1038066023.html
我的第一套会眨眼涂色书（套装全5册）（赠12色彩笔）,￥50.00,高等教育出版社,,2013年05月,http://item.jd.com/11238222.html
彩书坊・十万个为什么：世界之谜,￥88.00,吉林出版集团有限责任公司,,2008年11月,http://item.jd.com/10246272.html
定位经典丛书：人生定位,￥42.00,机械工业出版社,阿尔・里斯,2012年09月,http://item.jd.com/10831233.html
女人25，活出最好的自己：让所有女孩身价倍增的成长魔法书（套装共2册）,￥51.80,朝华出版社,郑洁心,2012年04月,http://item.jd.com/10978887.html
交际与口才 人际交往 口才沟通训练书籍,￥37.80,吉林大学出版社,,,http://item.jd.com/1047337772.html
包邮 正版 会说话会办事会做人大全集/口才训练书籍/说话艺术,￥59.00,光明日报出版社,,,http://item.jd.com/1071304069.html
入学准备丛书：语言表达一日一练（5-7岁）,￥16.80,北京出版集团公司,张丹,2011年01月,http://item.jd.com/10516410.html
国际大奖小说：爱上读书的妖怪,￥18.00,新蕾出版社,李相培,2012年01月,http://item.jd.com/10900460.html
这些道理没有人告诉过你：迄今最实用的求职工具书（全新版）,￥36.80,北京联合出版公司,杨萃先,2012年10月,http://item.jd.com/11090628.html
彩书坊：365夜宝宝睡前故事（套装共2册）,￥176.00,吉林出版集团有限责任公司,,2008年11月,http://item.jd.com/11279582.html
迪士尼经典漫画书：冰雪奇缘,￥12.80,人民邮电出版社,,2014年01月,http://item.jd.com/11395015.html
2014原著无障碍阅读丛书 昆虫记,￥23.80,天津出版传媒集团,,2013年11月,http://item.jd.com/1067495466.html
托马斯和朋友贴纸故事书（套装全4册）,￥59.20,人民邮电出版社,艾阁萌(英国)有限公司,2012年12月,http://item.jd.com/10360141.html
幼儿职业体验贴纸游戏书（套装共8册）,￥110.40,化学工业出版社,,2012年04月,http://item.jd.com/10944202.html
好宝宝边玩边学贴纸书（套装全8册）,￥49.60,浙江出版联合集团,幼狮文化,2011年01月,http://item.jd.com/11020963.html
世界少年经典文学丛书：豆蔻镇的居民和强盗,￥29.80,中国出版集团,艾格纳,2013年02月,http://item.jd.com/11218344.html
亲子书坊・男孩智慧书：8岁到18岁男孩都喜欢的成长故事,￥28.00,中国妇女出版社,,2012年07月,http://item.jd.com/11058428.html
信谊世界精选图画书：抱抱,￥30.80,明天出版社,,2009年03月,http://item.jd.com/10014289.html
为你自己读书：一本改变千万青少年人生命运的书（铂金版）,￥26.80,中国华侨出版社,肖卫,2007年12月,http://item.jd.com/10049715.html
彩书坊：动物世界大百科,￥88.00,吉林出版集团有限责任公司,,2008年11月,http://item.jd.com/10113258.html
彩书坊：伴随男孩成长的好故事,￥88.00,吉林出版集团有限责任公司,,2009年03月,http://item.jd.com/10212261.html
彩书坊：昆虫记,￥88.00,吉林出版集团有限责任公司,,2009年11月,http://item.jd.com/10212371.html
彩书坊：地球奥秘大百科（珍藏版）,￥88.00,吉林出版集团有限责任公司,,2009年03月,http://item.jd.com/10360908.html
宝贝最爱故事书：安徒生童话,￥13.80,中国人口出版社,张远博,2012年11月,http://item.jd.com/10841148.html
礼品装家庭必读书：青少年百科知识全书（套装共6册）,￥198.00,辽海出版社,,2012年01月,http://item.jd.com/11106271.html
中国古典政治学术名著丛书：康熙圣思录,￥68.00,北京时代华文书局,,2013年09月,http://item.jd.com/11352763.html
彩书坊：世界兵器大百科,￥88.00,吉林出版集团有限责任公司,,2009年01月,http://item.jd.com/10031939.html
彩书坊：影响孩子一生的世界经典童话,￥88.00,吉林出版集团有限责任公司,,2009年01月,http://item.jd.com/10031940.html
DK儿童太空百科全书,￥118.00,中国大百科全书出版社,,2012年01月,http://item.jd.com/10921514.html
最优秀女孩的心理成长枕边书,￥32.00,朝华出版社,,2012年09月,http://item.jd.com/11076081.html
杨红樱画本・注音书系列（套装共4册）,￥67.00,湖北少年儿童出版社,,2013年06月,http://item.jd.com/11239427.html
科学冒险岛系类丛书（套装共6册）,￥148.80,吉林出版集团,朴世卿,2013年05月,http://item.jd.com/11329883.html
小熊维尼情绪管理图画书（套装6册）,￥72.00,人民邮电出版社,美国迪士尼公司,2011年01月,http://item.jd.com/10393102.html
信谊世界精选图画书：爸爸，我要月亮,￥39.80,明天出版社,,2011年11月,http://item.jd.com/10923819.html
世界最畅销的少儿百科全书：权威探秘百科（精华版）（套装全10册）,￥168.00,晨光出版社,,2012年07月,http://item.jd.com/11209224.html
成家：的收藏×家,￥118.70,朱雀文化,_米安・普森,2012年08月,http://item.jd.com/16050973.html
礼品装家庭必读书：令人叹为观止的全球奇观（中国卷・世界卷）（套装共6册）,￥198.00,辽海出版社,,2012年01月,http://item.jd.com/11106269.html
最美儿童文学丛书（套装共8册）,￥125.00,湖北长江出版集团,马克・吐温,2011年06月,http://item.jd.com/10642075.html
小马宝莉突破识字关键期认读故事书（套装共1-3册）,￥41.40,童趣出版有限公司,美国孩之宝公司,2013年02月,http://item.jd.com/11185564.html
我的第一套经典名著书（插图注音版・完全版）（全套40册）,￥480.00,安徽少年儿童出版社,莫里斯・梅特林克,2013年04月,http://item.jd.com/11224855.html
动物小说大王沈石溪・品藏书系：斑羚飞渡,￥16.00,浙江少年儿童出版社,沈石溪,2008年11月,http://item.jd.com/10016045.html
新语文课外书屋・动物小说大师系列：刀疤豺母,￥16.00,外语教学与研究出版社,沈石溪,2010年05月,http://item.jd.com/10035586.html
冰心奖获奖作家精品书系・第1辑（套装全5册）,￥75.00,安徽少年儿童出版社,,2012年07月,http://item.jd.com/11143537.html
小白兔童书馆：成长之路第1阶段・韩国家庭亲子教育第一方案（0-3岁家庭系列丛书）（套装共30册）,￥180.00,延边人民出版社,,2011年07月,http://item.jd.com/10860953.html
小白兔童书馆・入学准备专项练习（语言+数学+拼音+描和写）（套装全4册）,￥44.00,北方妇女儿童出版社,于清峰,2013年01月,http://item.jd.com/11189176.html
中国第一套儿童情绪管理图画书合辑（精选礼盒装）（套装共8册）（随书附赠精美益智拼图）,￥224.00,广州出版社,特蕾西・莫洛尼,2013年05月,http://item.jd.com/11236827.html
中国五大谋略奇书（套装全5册）,￥145.00,新世界出版社,鬼谷子,2013年05月,http://item.jd.com/11245338.html
感X十：Y煺美,￥84.80,出版事I股份有限公司,Y,2009年01月,http://item.jd.com/16000781.html
罗大佑-昨日遗书(随书赠CD一张),￥26.00,现代出版社,罗大佑,2002年05月,http://item.jd.com/1055457006.html
青春是一本仓促的书，我们流着泪一读再读,￥29.80,中国华侨出版社,傅娟,2012年12月,http://item.jd.com/11119975.html
世界儿童共享的经典丛书：365夜故事,￥29.80,上海人民美术出版社,,2012年03月,http://item.jd.com/10189698.html
小公主心灵花园故事书（套装全6册）,￥94.80,人民邮电出版社,,2012年04月,http://item.jd.com/10962879.html
玛蒂娜故事书系列套装（第1辑）（套装全10册,￥78.00,湖北美术出版社,,,http://item.jd.com/1051338265.html
【假一赔十】查理九世全套 1-20册全集赠解题卡+黄金地图包邮童书,￥300.00,浙江少年儿童出版社,,,http://item.jd.com/1057103055.html
阳光姐姐小书房：没有秘密长不大,￥16.00,明天出版社,伍美珍,2010年06月,http://item.jd.com/10259781.html
查理九世全套正版1-21册全集 畅销书籍 儿童文学 正版 深蓝悦读,￥315.00,浙江少年儿童出版社,雷欧幻像著,,http://item.jd.com/1075104236.html
信谊世界精选图画书：好朋友,￥31.80,明天出版社,,2010年09月,http://item.jd.com/10374144.html
激发孩子想象力的1000个奇思妙想丛书套装系列（下部 全4册）,￥79.20,海豚出版社,,2010年06月,http://item.jd.com/10610623.html
SNOOPY史努比幼儿智能成长贴纸书（2-5岁）（套装共4册）,￥52.00,广西美术出版社,,2011年08月,http://item.jd.com/10702563.html
礼品装家庭必读书：青少版四大名著,￥198.00,辽海出版社,,2013年03月,http://item.jd.com/11209467.html
迪士尼经典漫画书：怪兽大学,￥12.80,人民邮电出版社,,2013年07月,http://item.jd.com/11273358.html
我的第一套百科全书：恐龙探秘,￥16.80,吉林科学技术出版社,,2012年03月,http://item.jd.com/10963770.html
植物大战僵尸游戏书：炫酷贴纸乐,￥25.00,中国少年儿童出版社,,2012年01月,http://item.jd.com/11152916.html
儿童手脑创意全书：剪纸大王,￥15.00,重庆出版集团,龚勋,2012年08月,http://item.jd.com/11064479.html
小布老虎丛书：小布头奇遇记,￥16.00,春风文艺出版社,孙幼军,2013年05月,http://item.jd.com/11249644.html
小白兔童书馆・中国芭比可儿公主：可儿娃娃游戏乐园（套装全4册）（适合0-6岁）,￥55.20,中国画报出版社,,2012年06月,http://item.jd.com/11110262.html
孩子必读的社会启蒙书（套装全4册）,￥84.00,广西师范大学出版社,郭初阳,2013年01月,http://item.jd.com/11163760.html
金麦田少儿国际获奖丛书（第4辑）（京东套装共8册）,￥149.00,安徽少年儿童出版社,多德,2013年08月,http://item.jd.com/11284656.html
我的第一套百科全书：动物世界,￥16.80,吉林科学技术出版社,,2012年03月,http://item.jd.com/10963767.html
礼品装家庭必读书：绣像全本三国演义（套装共6册）,￥198.00,辽海出版社,罗贯中,2012年01月,http://item.jd.com/11106288.html
让头脑变聪明的涂色游戏书,￥39.80,吉林出版集团,金忠元,2013年01月,http://item.jd.com/11172572.html
幼儿职业体验贴纸游戏书：魔术师、农夫（赠60张贴纸）,￥13.80,化学工业出版社,,2012年03月,http://item.jd.com/10944022.html
海豚绘本花园：一本讲述睡觉的书,￥12.00,湖北美术出版社,尹成娜,2011年01月,http://item.jd.com/10567367.html
中华儿童古典启蒙丛书：道德经（注音版）,￥6.00,中国人口出版社,文景,2005年01月,http://item.jd.com/10624721.html
我的第一套经典名著书：插图注音版（第5辑）（套装共5册）,￥60.00,安徽少年儿童出版社,查尔斯・金斯利,2013年02月,http://item.jd.com/11181628.html
语文新课标分级阅读丛书・中国古典文学名著：西游记（无障碍美绘导读版）,￥18.80,北京联合出版公司,吴承恩,2013年05月,http://item.jd.com/11232068.html
我的第一套百科全书：植物世界,￥16.80,吉林科学技术出版社,,2012年03月,http://item.jd.com/10963776.html
查理九世：幽灵列车（第14集） 这是一本原创儿童冒险小说，也是一本游戏故事书。,￥15.00,浙江少年儿童出版社,雷欧幻像,2012年07月,http://item.jd.com/1026393279.html
樱桃园・杨红樱注音童书：一只会笑的猫（注音版）,￥17.00,浙江出版联合集团,杨红樱,2010年05月,http://item.jd.com/10016252.html
少儿科普名人名著书系（典藏版）（第7辑）（套装共5册）,￥73.60,湖北长江出版集团,盛如梅,2011年12月,http://item.jd.com/10999569.html
夏洛书屋：精灵鼠小弟,￥33.00,上海译文出版社,怀特,2012年08月,http://item.jd.com/11056783.html
快乐手工坊丛书・第2辑：快乐黏土趣味造型,￥12.00,湖南美术出版社,,2012年08月,http://item.jd.com/11068628.html
幼儿职业体验贴纸游戏书：赛车手、运动员（赠60张贴纸）,￥13.80,化学工业出版社,,2012年03月,http://item.jd.com/10944029.html
百年百部中国儿童文学经典书系（第8小套）（套装共5册）,￥73.00,湖北长江出版集团,北董,2007年01月,http://item.jd.com/10999550.html
希利尔教育书系：希利尔讲世界史（高清彩图版）,￥46.00,江苏人民出版社,V.M.希利尔,2012年03月,http://item.jd.com/10895451.html
金星教育系列丛书・小学教材全解：3年级语文（下）（人教课标版）（2013-2014学年・最新版）,￥22.80,陕西人民教育出版社,,2010年09月,http://item.jd.com/11351515.html
彩书坊・十万个为什么：世界之谜,￥88.00,吉林出版集团有限责任公司,,2008年11月,http://item.jd.com/10246272.html
新东方GMAT考试指导辅导用书：GMAT语法改错精解,￥40.00,西安交通大学出版社,刘振民,2012年12月,http://item.jd.com/11127541.html
大字睡前书：我的安全自救书（3岁+）,￥12.80,吉林出版集团有限责任公司,陈琪敬,2013年01月,http://item.jd.com/11362979.html
图文佛教大百科（超值白金版）,￥29.80,中国华侨出版社,,2011年02月,http://item.jd.com/10563053.html
DK儿童百科全书,￥138.00,中国大百科全书出版社,杨寅辉,2010年06月,http://item.jd.com/10084908.html
唐浩明评点曾国藩家书（上下）,￥68.00,岳麓书社,唐浩明,2002年09月,http://item.jd.com/10238752.html
乐乐趣科普翻翻书・看里面系列（第1辑）（套装共4册）,￥187.20,未来出版社,戴恩斯,2009年06月,http://item.jd.com/10404985.html
世界上最大的漫画书：父与子全集（彩色双语版精装经典）,￥29.80,中国华侨出版社,,2013年04月,http://item.jd.com/11233004.html
意林・小小姐・纯美小说系列・少女创果味杂志书（8）：樱桃芝士号,￥18.80,吉林出版集团,辑部,2013年09月,http://item.jd.com/11313888.html
卢中南钢笔楷书字帖：3500常用字摹描临习字帖,￥8.80,浙江人民出版社,卢中南,2005年01月,http://item.jd.com/10071609.html
自然珍藏图鉴丛书：食用蔬菜与野菜,￥38.00,汕头大学出版社,吴棣飞,2009年06月,http://item.jd.com/10116579.html
现货首发 上律指南针法条2014国家司法考试必读用书 指南针法律法规汇编 全套8册,￥198.00,经济科学出版社,,,http://item.jd.com/1076236436.html
文盲正侃时间史：史上最好读的物理科普书,￥36.00,江苏人民出版社,刘继军,2012年12月,http://item.jd.com/11158226.html
我的第一套会眨眼涂色书（套装全5册）（赠12色彩笔）,￥50.00,高等教育出版社,,2013年05月,http://item.jd.com/11238222.html
超级英雄贴纸拼图书：芭比公主,￥15.80,湖北少年儿童出版社,,2013年12月,http://item.jd.com/11353652.html
玩具/baby早教书 禾稼 儿童读物/教辅,￥12.90,吉林美术出版社,,,http://item.jd.com/1078353980.html
我的第一本数学启蒙书（6岁第1级）,￥12.80,浙江教育出版社,,2009年05月,http://item.jd.com/10015091.html
我真棒幼儿成长图画书：再见，老蓬,￥6.00,江苏少年儿童出版社,吕丽娜,2004年08月,http://item.jd.com/10016641.html
南极熊我的第一本学习书：学数数,￥4.50,二十一世纪出版社,张秋林,2009年02月,http://item.jd.com/10314470.html
托尼・沃尔夫移动书箱：农场,￥46.80,未来出版社,凯瑟丽兹,2009年08月,http://item.jd.com/10368566.html
我的第一套成长必读书：中华古诗,￥20.00,浙江少年儿童出版社,晓光,2011年02月,http://item.jd.com/10540471.html
新时代幼儿教学大纲・学前班.综合用书：学拼音（整体认读）,￥3.60,北方妇女儿童出版社,,2006年07月,http://item.jd.com/10626144.html
让孩子受益一生的经典丛书：成语故事,￥12.80,山东美术出版社,,2009年10月,http://item.jd.com/10680351.html
牛津少年儿童百科全书（全9卷）,￥860.00,辽宁教育出版社,,1998年06月,http://item.jd.com/10785501.html
大不列颠学生百科全书,￥298.00,海燕出版社,,2004年09月,http://item.jd.com/11025031.html
探索频道・少儿大百科全书：地球,￥59.00,长江出版传媒,,2012年10月,http://item.jd.com/11113983.html
新课标名著小书坊（青少版 套装共12册）,￥164.20,河北少年儿童出版社,亚米契斯,2012年06月,http://item.jd.com/11156447.html
形状/baby早教书 禾稼 儿童读物,￥12.90,吉林美术出版社,,,http://item.jd.com/1078355258.html
语文新课标分级阅读丛书：汤姆・索亚历险记（附DVD光盘1张）,￥15.80,延边人民出版社,马克・吐温,2010年01月,http://item.jd.com/10031112.html
我的第一本文学漫画书15：红楼梦1金玉良缘,￥25.00,中国纺织出版社,大脚先生,2010年08月,http://item.jd.com/10097598.html
南极熊我的第一本认知书：颜色,￥4.50,二十一世纪出版社,,2008年10月,http://item.jd.com/10314466.html
小笨熊幼儿智能开发第一书：认知涂色画（蔬菜）,￥5.90,哈尔滨出版社,,2010年03月,http://item.jd.com/10412369.html
英子幼教系列丛书・新时代幼儿教学大纲・学前班・综合用书（下册）：英语,￥3.60,北方妇女儿童出版社,,2006年07月,http://item.jd.com/10626143.html
儿童全脑开发丛书：观察力,￥7.00,吉林出版集团,,2011年04月,http://item.jd.com/10794598.html
10元读书熊系列：小学生幽默笑话大王（同桌成了“替罪羊”）,￥10.00,北京教育出版社,,2012年01月,http://item.jd.com/11133404.html
纸贵满堂童书：我的第一套认知礼物书・小百科（套装全10册）,￥100.00,高等教育出版社,,2013年04月,http://item.jd.com/11250154.html
好宝宝边玩边学贴纸书：奇妙的虫子,￥6.20,浙江少年儿童出版社,,2011年01月,http://item.jd.com/10608974.html
10以内加减法练习/儿童启蒙天天练丛书,￥2.00,江苏少年儿童出版社,,2008年01月,http://item.jd.com/1027909794.html
中国少年儿童百科全书(彩图版 套装共4册 精装 送手提袋),￥499.00,吉林人民出版社,,2011年06月,http://item.jd.com/1041354926.html
小不点边玩边学丛书：做手工,￥5.50,江西教育出版社,刘文嫡,2011年08月,http://item.jd.com/10863910.html
我的第1套百科全书（套装共5册）（升级版）,￥240.00,童趣出版有限公司,美国迪士尼公司,2013年01月,http://item.jd.com/11138597.html
全新正版现货 君伟上小学1-6年级（全6册）王淑芬著 儿童书籍,￥60.00,河北少年儿童出版社,,,http://item.jd.com/1041131459.html
100以内加减法练习/儿童启蒙天天练丛书,￥2.00,江苏少年儿童出版社,,2008年01月,http://item.jd.com/1027918213.html
黑天鹅图书成长馆：人生不设限（中英文双语版）,￥39.80,湖北教育出版社, 力克・胡哲,2014年02月,http://item.jd.com/11369183.html
幼儿职业体验贴纸游戏书（套装共8册）,￥110.40,化学工业出版社,,2012年04月,http://item.jd.com/10944202.html
好宝宝边玩边学贴纸书（套装全8册）,￥49.60,浙江出版联合集团,幼狮文化,2011年01月,http://item.jd.com/11020963.html
信谊世界精选图画书：抱抱,￥30.80,明天出版社,,2009年03月,http://item.jd.com/10014289.html
小白兔童书馆：宝宝蛋：认知小书包（套装全12册）（适合0-3岁低幼启蒙）,￥72.00,北方妇女儿童出版社,童趣童乐,2012年01月,http://item.jd.com/10887324.html
中国古典政治学术名著丛书：康熙圣思录,￥68.00,北京时代华文书局,,2013年09月,http://item.jd.com/11352763.html
论语--中华经典藏书,￥16.00,中华书局,张燕婴译注,2006年10月,http://item.jd.com/1027806056.html
彩书坊：世界兵器大百科,￥88.00,吉林出版集团有限责任公司,,2009年01月,http://item.jd.com/10031939.html
DK儿童太空百科全书,￥118.00,中国大百科全书出版社,,2012年01月,http://item.jd.com/10921514.html
最优秀女孩的心理成长枕边书,￥32.00,朝华出版社,,2012年09月,http://item.jd.com/11076081.html
彩书坊：红楼梦,￥88.00,吉林出版集团有限责任公司,曹雪芹,2013年01月,http://item.jd.com/11184410.html
杨红樱画本・注音书系列（套装共4册）,￥67.00,湖北少年儿童出版社,,2013年06月,http://item.jd.com/11239427.html
羊皮卷：世界上最伟大的励志书,￥39.90,吉林出版集团有限责任公司,戴尔・卡耐基,2013年09月,http://item.jd.com/11324912.html
科学冒险岛系类丛书（套装共6册）,￥148.80,吉林出版集团,朴世卿,2013年05月,http://item.jd.com/11329883.html
妙趣科学立体翻翻书：我们的身体（低幼版）,￥18.80,北京科学技术出版社,吕贝尔,2011年01月,http://item.jd.com/10760992.html
小白兔童书馆・绚丽公主涂色书：优雅甜心（适合3-6岁）,￥10.80,北方妇女儿童出版社,,2010年09月,http://item.jd.com/10272757.html
德国少年儿童百科知识全书：什么是什么（第9、10合辑）（套装共20册）,￥300.00,湖北长江出版集团,魏图斯・彼・德略舍尔,2010年09月,http://item.jd.com/10347078.html
德国少年儿童百科知识全书：什么是什么（第11、12合辑）（套装共20册）,￥300.00,湖北长江出版集团,沃尔夫冈・马森,2010年08月,http://item.jd.com/10347079.html
乐乐趣科普翻翻书・看里面系列（第2辑）（套装共4册）,￥187.20,未来出版社,埃里克斯・弗利斯,2009年06月,http://item.jd.com/10386288.html
乐乐趣科普翻翻书・看里面系列（第1辑）（套装共4册）,￥187.20,未来出版社,戴恩斯,2009年06月,http://item.jd.com/10404985.html
入学准备丛书：数学一日一练（5-7岁）,￥16.80,北京出版集团公司,张丹,2011年01月,http://item.jd.com/10516409.html
入学准备丛书：拼音一日一练（5-7岁）,￥16.80,北京少年儿童出版社,李尚,2011年01月,http://item.jd.com/10516412.html
0-2岁宝宝全书（套装共12册）,￥118.80,人口出版社,,2011年07月,http://item.jd.com/10710957.html
你好！数学：最亲切的数学概念启蒙图画书（第1阶段）（套装10册）,￥150.00,湖北长江出版集团,郑熙龙,2011年06月,http://item.jd.com/10798541.html
你好！数学・最亲切的数学概念启蒙图画书（第2阶段）（套装共10册）,￥150.00,湖北长江出版集团,,2011年07月,http://item.jd.com/10852360.html
你好！科学・最亲切的科学原理启蒙图画书（套装共18册）,￥270.00,湖北少年儿童出版社,金兰珠,2012年03月,http://item.jd.com/10938298.html
你好！数学・最亲切的数学概念启蒙图画书（第3阶段）（套装共10册）,￥150.00,湖北长江出版集团,李美爱,2011年08月,http://item.jd.com/10940554.html
毛毛虫童书馆（第5辑）：中国传统节日故事（套装共8册）,￥56.00,连环画出版社,,2011年07月,http://item.jd.com/10941829.html
国际安徒生奖提名者丛书：踢拖踢拖小红鞋,￥29.00,接力出版社,金波,2012年02月,http://item.jd.com/10963414.html
趣味科学丛书：自然的故事、数学的奥妙、物理的妙趣、化学的秘密（套装共4册）（最新图文修订版）,￥100.00,北京燕山出版社,贝列里门,2012年08月,http://item.jd.com/11052488.html
看里面系列・乐乐趣科普翻翻书：揭秘船舶,￥46.80,未来出版社,康拉德・梅森,2012年06月,http://item.jd.com/11091270.html
乐乐趣科普翻翻书・看里面系列：揭秘海洋,￥46.80,未来出版社,凯特・戴维斯,2012年06月,http://item.jd.com/11091272.html
乐乐趣科普翻翻书：看里面系列（第3辑）（套装共5册）,￥234.00,未来出版社,亚历克斯・弗里恩,2012年06月,http://item.jd.com/11110532.html
冰心奖获奖作家精品书系・第2辑（套装全5册）,￥75.00,安徽少年儿童出版社,,2012年07月,http://item.jd.com/11143538.html
小白兔童书馆・中国第一套幼儿习惯管理书：0-6岁关键期（豪华套装共10册）,￥138.00,北方妇女儿童出版社,,2009年10月,http://item.jd.com/11145040.html
儿童健康人格教育培养丛书（套装全6册）,￥118.80,北京理工大学出版社,,2013年01月,http://item.jd.com/11152899.html
沈石溪动物小说・感悟生命书系：五彩龙鸟,￥20.00,人民邮电出版社,沈石溪,2013年01月,http://item.jd.com/11157434.html
宝宝诵读全书（套装全6册）,￥60.00,北京理工大学出版社,,2013年03月,http://item.jd.com/11184709.html
迪士尼N次贴纸书：迪士尼公主,￥20.00,人民邮电出版社,,2013年02月,http://item.jd.com/11185578.html
我的第一本趣味问答书・孩子最爱问的十万个为什么（套装全4册）,￥80.00,安徽少年儿童出版社,,2013年02月,http://item.jd.com/11187285.html
小白兔童书馆：学前必备100分口算心算100以内加减法（套装全6册）,￥46.80,漓江出版社,,2013年04月,http://item.jd.com/11206260.html
小白兔童书馆：儿童趣味手工（彩泥+折纸+剪纸大全300例）（套装全3册）,￥40.50,吉林出版集团,童趣童乐,2013年04月,http://item.jd.com/11236882.html
奇妙洞洞书系列：毛毛虫吃什么呢,￥36.80,未来出版社,G.曼泰加扎,2011年01月,http://item.jd.com/11244421.html
奇妙洞洞书系列：马戏团,￥36.80,未来出版社,E.布索拉蒂,2011年01月,http://item.jd.com/11244423.html
奇妙洞洞书系列：我最喜欢车子,￥36.80,未来出版社,G.曼泰加扎,2011年01月,http://item.jd.com/11244424.html
信谊世界精选图画书：鳄鱼怕怕 牙医怕怕,￥29.80,明天出版社,五味太郎,2013年06月,http://item.jd.com/11284646.html
走遍法国（学生用书 1上 附光盘）,￥39.90,外语教学与研究出版社,Guy Capelle,2006年01月,http://item.jd.com/10034344.html
法理学练习题集（第2版）/21世纪法学系列教材配套辅导用书,￥45.00,中国人民大学出版社,,2011年05月,http://item.jd.com/10683038.html
新华字典（第11版）（单色本）,￥19.90,商务印书馆,,2011年06月,http://item.jd.com/10701727.html
GIS应用与开发丛书・ArcGIS 10地理信息系统教程：从初学到精通（附DVD-ROM光盘1张）,￥68.50,测绘出版社,,2012年09月,http://item.jd.com/11148935.html
育明教育策划・翻译硕士考研必备：百科知识考点精编与真题解析,￥49.00,光明日报出版社,,2013年07月,http://item.jd.com/11322027.html
金星教育系列丛书・中学教材全解：七年级语文（下）（人教版）（最新版）（2014春）,￥28.80,陕西人民教育出版社,,2013年12月,http://item.jd.com/11383756.html
书虫・牛津英汉双语读物：雾都孤儿（6级）（适合高3、大学低年级）,￥10.90,外语教学与研究出版社,狄更斯,1997年06月,http://item.jd.com/10033603.html
为你自己读书：一本改变千万青少年人生命运的书（铂金版）,￥26.80,中国华侨出版社,肖卫,2007年12月,http://item.jd.com/10049715.html
点石成金：访客至上的网页设计秘笈（原书第2版）,￥39.00,机械工业出版社,克鲁格,2006年08月,http://item.jd.com/10057809.html
新型电源实用技术系列书：UPS供电系统设计与工程应用实例,￥35.00,中国电力出版社,周志敏,2012年02月,http://item.jd.com/10936771.html
新东方・新东方GMAI考试指定辅导用书・GMAT逻辑推理：分类思维训练及试题解析,￥59.00,西安交通大学出版社,陈向东,2013年03月,http://item.jd.com/11180983.html
新东方大愚英语学习丛书・英语语法新思维中级教程：通悟语法,￥48.00,群言出版社,张满胜,2008年07月,http://item.jd.com/10043649.html
礼品装家庭必读书：茶道・茶经（套装共6册）,￥198.00,辽海出版社,,2012年01月,http://item.jd.com/11106258.html
大彩生活2：三高吃什么宜忌速查全书,￥39.80,福建科学技术出版社,郑育龙,2013年10月,http://item.jd.com/11332480.html
强军梦・我的梦丛书：强军兴军正能量50讲,￥39.60,军事科学出版社,,2013年12月,http://item.jd.com/11398638.html
新头脑开发丛书：走迷宫（3岁）,￥13.80,浙江人民美术出版社,多湖辉,2007年06月,http://item.jd.com/10015542.html
头脑开发丛书：走迷宫（5岁）,￥13.80,浙江人民美术出版社,多湖辉,2009年01月,http://item.jd.com/10015544.html
多湖辉新头脑开发丛书・手工乐园：头脑开发（3岁）,￥15.80,浙江人民美术出版社,多湖辉,2010年06月,http://item.jd.com/10015659.html
动物小说大王沈石溪・品藏书系：再被狐狸骗一次,￥16.00,浙江少年儿童出版社,沈石溪,2008年11月,http://item.jd.com/10016043.html
动物小说大王沈石溪品藏书系：骆驼王子,￥16.00,浙江少年儿童出版社,沈石溪,2009年10月,http://item.jd.com/10016197.html
动物小说大王沈石溪品藏书系：雪豹悲歌,￥17.00,浙江少年儿童出版社,沈石溪,2009年10月,http://item.jd.com/10016198.html
樱桃园・杨红樱注音童书：亲爱的笨笨猪（注音版）,￥17.00,浙江出版联合集团,杨红樱,2010年05月,http://item.jd.com/10016247.html
动物小说大王沈石溪品藏书系：混血豺王,￥19.00,浙江少年儿童出版社,沈石溪,2010年08月,http://item.jd.com/10016290.html
百年百部中国儿童文学经典书系：稻草人,￥15.80,湖北少年儿童出版社,叶圣陶,2006年01月,http://item.jd.com/10017428.html
我的第一本科学漫画书：极地冰河历险记,￥25.00,二十一世纪出版社,崔德熙,2005年02月,http://item.jd.com/10022650.html
托尼・沃尔夫翻翻书：农场,￥28.80,未来出版社,,2009年09月,http://item.jd.com/10026105.html
来自英国的儿童情商培养图画书系（套装全7册）,￥96.60,广州出版社,卡西・迈尔,2010年02月,http://item.jd.com/10031929.html
彩书坊：史前怪兽大百科,￥88.00,吉林出版集团有限责任公司,,2009年11月,http://item.jd.com/10032210.html
彩书坊：世界酷车大百科,￥88.00,吉林出版集团有限责任公司,,2009年11月,http://item.jd.com/10032211.html
中国儿童成长必读丛书：快乐儿歌300首（最新版・彩图注音）（附VCD光盘）,￥16.80,海豚出版社,,2009年01月,http://item.jd.com/10044553.html
中华经典藏书：黄帝内经,￥21.00,中华书局,,2009年07月,http://item.jd.com/10054882.html
中国儿童百科全书（套装共10册）,￥150.00,中国大百科全书出版社,,2010年01月,http://item.jd.com/10084880.html
中国儿童立体百科全书・动物系列：神秘的海洋（注音版）,￥36.00,中国大百科全书出版社,康琳,2010年01月,http://item.jd.com/10084897.html
儿童文学大师全集书系：冰心儿童文学全集（套装上下册）,￥49.00,中国少年儿童出版社,冰心,2000年08月,http://item.jd.com/10086458.html
中国第一套儿童情绪管理图画书2（共4册）（适合3-6岁儿童）,￥112.00,广州出版社,新西兰,2007年08月,http://item.jd.com/10110498.html
佳翼少儿美术教程丛书：水彩笔,￥28.00,广西美术出版社,,2008年12月,http://item.jd.com/10111566.html
百年百部中国儿童文学经典书系：小兵张嘎,￥10.80,湖北长江出版集团,徐光耀,2006年12月,http://item.jd.com/10196784.html
我的第一套科学漫画书（第3辑）：昆虫世界历险记（套装1-3共3册）,￥75.00,二十一世纪出版社,洪在彻,2007年04月,http://item.jd.com/10203687.html
我的第一本科学漫画书・绝境生存系列：太空历险记（1-3）（套装共3册）,￥75.00,二十一世纪出版社,洪在彻,2013年06月,http://item.jd.com/10253935.html
中国第一套儿童情绪管理图画书3：我喜欢做的事系列（套装共4册，适合0-6岁）,￥120.00,湖北美术出版社,特蕾西・莫洛尼,2010年09月,http://item.jd.com/10335974.html
乐乐趣科普翻翻书・看里面系列2：揭秘数学,￥46.80,未来出版社,埃里克斯,2010年08月,http://item.jd.com/10339221.html
德国少年儿童百科知识全书：什么是什么（第7、8合辑）（套装共20册）,￥300.00,湖北长江出版集团,茨格内・蔡勒尔,2010年04月,http://item.jd.com/10347077.html
彩书坊：探索发现大百科,￥88.00,吉林出版集团有限责任公司,,2009年03月,http://item.jd.com/10360909.html
信谊世界精选图画书：小种子,￥32.80,明天出版社,艾瑞・卡尔,2010年10月,http://item.jd.com/10378451.html
小白兔童书馆：宝宝认知大开本系列（适合0-3岁）（套装全3册）,￥30.00,中国人口出版社,,2009年03月,http://item.jd.com/10401339.html
激发孩子想象力的1000个奇思妙想丛书套装系列（上部 全4册）,￥79.20,海豚出版社,,2010年06月,http://item.jd.com/10486657.html
贝贝熊系列丛书（第4辑）（共16册）,￥124.00,新疆青少年出版社,,2011年01月,http://item.jd.com/10501205.html
婴儿画报精品故事书（樱桃红）,￥35.00,中国少年儿童新闻出版总社,金波,2010年02月,http://item.jd.com/10545935.html
婴儿画报精品故事书（蓝莓蓝）,￥35.00,中国少年儿童新闻出版总社,高洪波,2011年01月,http://item.jd.com/10545953.html
小白兔童书馆：宝宝大画书中国故事系列套装（适合0-6岁）（套装全10册）,￥60.00,中国人口出版社,,2009年03月,http://item.jd.com/10650690.html
小白兔童书馆：育儿大童话系列 语言，数字，生活，感知，植物，动物（套装6册）（适合0-3岁）,￥60.00,北方妇女儿童出版社,,2010年10月,http://item.jd.com/10650697.html
小白兔童书馆：情智提升视觉训练（适合0-3岁）（套装全6册）,￥39.00,河北出版传媒集团公司,,2011年01月,http://item.jd.com/10650708.html
IQ认知贴纸书・妈妈我来贴：恐龙世界,￥22.00,北京科学技术出版社,,2011年05月,http://item.jd.com/10665803.html
动物小说大王沈石溪・品藏书系：红飘带狮王,￥19.00,浙江少年儿童出版社,沈石溪,2011年07月,http://item.jd.com/10695852.html
乐乐趣童书・豪华立体版百科全书：恐龙（适合年龄6岁以上）,￥69.80,未来出版社,伯努瓦・德拉朗德尔,2011年08月,http://item.jd.com/10797106.html
动物小说大王沈石溪：品藏书系（第1季）（套装全6册）,￥96.00,浙江少年儿童出版社,沈石溪,2008年11月,http://item.jd.com/10797367.html
意林・小小姐首创果味杂志书MOOK纯美小说系列：焦糖布丁号,￥16.80,吉林出版集团,,2011年12月,http://item.jd.com/10884874.html
沈石溪动物小说・感悟生命书系：雪域豹影,￥20.00,童趣出版有限公司,沈石溪,2012年01月,http://item.jd.com/10891846.html
DK儿童恐龙百科全书,￥138.00,中国大百科全书出版社,,2011年12月,http://item.jd.com/10911783.html
动物小说大王沈石溪品藏书系：残狼灰满,￥19.00,浙江出版联合集团,沈石溪,2012年01月,http://item.jd.com/10912251.html
贝贝熊系列丛书（第2辑）（套装共20册）,￥156.00,新疆青少年出版社,斯坦・博丹,2008年09月,http://item.jd.com/10941747.html
2-3岁宝宝早教全书（套装全12册）（赠宝宝早教全书纸袋1个）,￥118.80,北京理工大学出版社,,2012年03月,http://item.jd.com/10960506.html
心灵修行图画书：黎明开始的地方,￥32.80,浙江少年儿童出版社,道格拉斯・伍德,2012年03月,http://item.jd.com/10964619.html
小企鹅心灵成长故事丛书（套装4册）,￥52.00,明天出版社,熊磊,2012年02月,http://item.jd.com/10967377.html
情景认知创意贴纸书・贴出创意来：交通工具（2-4岁）,￥12.80,北京出版集团公司,,2012年07月,http://item.jd.com/11003639.html
意林小小姐・少女果味杂志书・纯美小说系列5：可可森林号,￥18.80,吉林出版集团,,2012年06月,http://item.jd.com/11008530.html
迪士尼经典故事丛书：勇敢传说,￥14.80,人民邮电出版社,,2012年07月,http://item.jd.com/11022424.html
小白兔童书馆：幼儿启蒙认知（套装全6册）,￥60.00,海豚出版社,,2012年06月,http://item.jd.com/11036181.html
幼儿能力开发训练丛书：剪纸（基础篇）（2-3岁）,￥12.00,浙江人民美术出版社,,2012年06月,http://item.jd.com/11039866.html
幼儿能力开发训练丛书：折纸（基础篇）（2-3岁）,￥12.00,浙江人民美术出版社,,2012年06月,http://item.jd.com/11039868.html
动物小说大王沈石溪・品藏书系：牧羊神豹,￥20.00,浙江少年儿童出版社,沈石溪,2012年10月,http://item.jd.com/11090296.html
动物小说大王沈石溪・品藏书系：大鱼之道,￥20.00,浙江少年儿童出版社,沈石溪,2012年10月,http://item.jd.com/11090299.html
虫虫童书：绘画入门小书坊（套装全4册）,￥40.00,时代出版传媒股份有限公司,,2013年01月,http://item.jd.com/11091172.html
看里面系列・乐乐趣科普翻翻书：揭秘垃圾,￥46.80,未来出版社,亚历克斯・弗里思,2012年06月,http://item.jd.com/11091268.html
看里面系列・乐乐趣科普翻翻书：揭秘名建筑,￥46.80,未来出版社,罗布・劳埃德・琼斯,2012年06月,http://item.jd.com/11091269.html
看里面系列・乐乐趣科普翻翻书：揭秘美术,￥46.80,未来出版社,萝西・狄金丝,2012年06月,http://item.jd.com/11091271.html
礼品装家庭必读书：中国未解之谜・世界未解之谜（套装共6册）,￥198.00,辽海出版社,,2012年01月,http://item.jd.com/11106295.html
小白兔童书馆・中国第一套幼儿自助成长书：品德教育小故事丛书（套装全12册）,￥78.00,北方妇女儿童出版社,赵洁,2012年05月,http://item.jd.com/11110260.html
彩书坊：我的第一本成长启蒙书：英语ABC,￥88.00,吉林出版集团有限责任公司,,2012年09月,http://item.jd.com/11114458.html
幼儿美术小手工全书：我要剪纸,￥16.00,时代出版传媒股份有限公司,,2012年12月,http://item.jd.com/11139030.html
手舞足蹈英语童谣图画书（套装共8册）（附光盘）,￥128.00,安徽少年儿童出版社,黛比・哈特,2011年01月,http://item.jd.com/11143516.html
入学准备丛书：数学培优一日一练,￥16.80,北京少年儿童出版社,李尚,2013年01月,http://item.jd.com/11148626.html
宝宝听童话・立体有声故事书：狼和七只小山羊+白雪公主,￥49.80,山东美术出版社,,2012年11月,http://item.jd.com/11151070.html
杨红樱注音童书・亲爱的笨笨猪等（套装全12册）,￥204.00,浙江出版联合集团,杨红樱,2010年05月,http://item.jd.com/11181650.html
何秋光学前教育精品书系：儿童数学思维训练游戏（套装共5册）,￥99.00,北京出版社,,2012年01月,http://item.jd.com/11185410.html
入学准备一日一练丛书基础系列（套装共4册）,￥67.20,北京出版社,李尚,2013年01月,http://item.jd.com/11185417.html
迪士尼N次贴纸书：赛车总动员2,￥20.00,人民邮电出版社,,2013年02月,http://item.jd.com/11185602.html
小白兔童书馆・启蒙大卡（礼品盒装全6册）,￥88.00,天津人民美术出版社,,2013年01月,http://item.jd.com/11189174.html
中国百年文学经典桥梁书（套装共9册）,￥130.50,山西师范大学出版社,鲁迅,2012年08月,http://item.jd.com/11197298.html
华图少儿・熊出没之环球大冒险（丛林篇）系列漫画书（套装全10册）,￥160.00,四川少年儿童出版社,,2013年01月,http://item.jd.com/11210484.html
大便书2：藤田一郎趣谈身体排放物,￥29.80,化学工业出版社,藤田一郎,2012年01月,http://item.jd.com/10845091.html
无师自通系列书：电工基础知识,￥25.00,中国电力出版社,贾智勇,2013年01月,http://item.jd.com/11151802.html
海的礼物：女人的生命之书,￥28.00,重庆出版社,林白夫人,2013年02月,http://item.jd.com/11148921.html
中华经典藏书：老子,￥12.00,中华书局,李聃,2006年09月,http://item.jd.com/10054476.html
心理暗示力：一本关于治愈、力量、教育与成功的心理学实践书,￥32.00,中国华侨出版社,埃米尔・库埃著,2013年07月,http://item.jd.com/11265179.html
红书（荣格手稿中文版）,￥68.00,中央编译出版社,荣格,2013年06月,http://item.jd.com/11273107.html
不抱怨的世界:畅销全球80国的世界级励志书!冯仑、唐骏、张德芬、 畅销全球80国的世界级励,￥24.80,陕西师范大学出版社,(美)鲍温,2009年04月,http://item.jd.com/1026404754.html
100以内加减法练习/儿童启蒙天天练丛书,￥2.00,江苏少年儿童出版社,,2008年01月,http://item.jd.com/1027918213.html
麦田书生活・我不想长大,￥36.00,天津人民美术出版社,姜女囟馨,2012年12月,http://item.jd.com/11145550.html
FBI心理学与读心术 心理学名著 全套五本 正版畅销书籍,￥149.00,哈尔滨出版社,,,http://item.jd.com/1037411045.html
如何阅读一本书,￥38.00,商务印书馆,莫提默・J.艾德勒,2004年01月,http://item.jd.com/10053529.html
胡雪岩谋略全书（最全集）（超值白金版）,￥19.80,中国华侨出版社,,2011年05月,http://item.jd.com/10617832.html
人力资源管理使用必备全书,￥29.80,经济科学出版社,魏文静,2012年07月,http://item.jd.com/11047458.html
中国幼儿百科全书（0-3岁）（套装共10册）,￥120.00,中国大百科全书出版社,《中国幼儿百科全书》编委会,2013年04月,http://item.jd.com/11232915.html
曾国藩智谋全书,￥32.00,中共中央党校出版社,李广宁,2009年04月,http://item.jd.com/10169973.html
奇妙洞洞书系列：晚安宝贝,￥36.80,未来出版社,G.曼泰加扎,2012年04月,http://item.jd.com/11244419.html
奇妙洞洞书系列：那是一个洞吗？,￥36.80,未来出版社,G.曼泰加扎,2012年04月,http://item.jd.com/11244420.html
奇妙洞洞书系列：你会说话吗？,￥36.80,未来出版社,G.曼泰加扎,2012年04月,http://item.jd.com/11249179.html
礼品装家庭必读书：优等生思维游戏、益智游戏大全（套装共6册）,￥198.00,辽海出版社,,2013年05月,http://item.jd.com/11250139.html
纸贵满堂童书：法国幼儿园老师都在用的全脑智能开发手工书（套装全2册）,￥48.00,高等教育出版社,真由美・杰泽斯基,2013年05月,http://item.jd.com/11250148.html
熊猫兔快乐认知书（认知类）（套装全10册）,￥99.00,江苏美术出版社,毛东妮,2013年05月,http://item.jd.com/11250642.html
小白兔童书馆：名牌小学入学必备（套装全6册）（附易混易错100例）,￥118.80,北方妇女儿童出版社,,2013年04月,http://item.jd.com/11251411.html
信谊世界精选图画书：驴小弟变石头,￥32.80,明天出版社,,2013年07月,http://item.jd.com/11253510.html
小白兔童书馆：宝宝视觉激发卡 黑白卡 彩色卡等（京东套装全4册）,￥72.00,中国人口出版社,,2013年04月,http://item.jd.com/11253532.html
我的第一本科学漫画书：儿童百问百答（第1辑）（1-5）（套装共5册）,￥125.00,二十一世纪出版社,安英柱,2013年06月,http://item.jd.com/11268675.html
我的第一本科学漫画书：儿童百问百答（第2辑）（6-10）（套装共5册）,￥125.00,二十一世纪出版社,,2013年06月,http://item.jd.com/11268676.html
小白兔童书馆：学前口心算（套装共4册）,￥40.00,武汉大学出版社,,2013年06月,http://item.jd.com/11271894.html
迪士尼经典故事丛书：怪兽大学（附原版精美海报）,￥14.80,人民邮电出版社,,2013年07月,http://item.jd.com/11273359.html
我的第一本科学漫画书・绝境生存系列：海滩历险记（1）,￥25.00,二十一世纪出版社,小熊工作室,2013年06月,http://item.jd.com/11280757.html
我的第一本科学漫画书绝境生存系列：海滩历险记（2）,￥25.00,二十一世纪出版社,小熊工作室,2013年06月,http://item.jd.com/11282812.html
2011年度全国优秀畅销书・FBI读心术：美国联邦警察的超级心理密码,￥29.80,哈尔滨出版社,金圣荣,2011年04月,http://item.jd.com/10551463.html
科学可以这样看丛书：物理学的未来,￥53.80,重庆出版社,加来道雄,2012年06月,http://item.jd.com/11015265.html
科学可以这样看丛书・量子宇宙：一切可能发生的正在发生,￥32.80,重庆出版集团,布莱恩・考克思,2013年06月,http://item.jd.com/11271730.html
日知文库・禁书：99%的人不知道的历史真相,￥15.00,印刷工业出版社,白鹿鸣,2013年06月,http://item.jd.com/11279587.html
爱情公寓4：创作书,￥38.00,百花洲文艺出版社,邹杰,2014年02月,http://item.jd.com/11380949.html
你在为谁读书2：青少年的人生规划,￥25.00,武汉出版社,余闲,2010年01月,http://item.jd.com/10027267.html
文白对照・曾国藩家书全编（套装共4册）,￥198.00,中国华侨出版社,曾国藩,2011年06月,http://item.jd.com/10762763.html
卡耐基写给女人的一生幸福书：每一个女人都想拥有的“幸福圣经”,￥32.00,中国华侨出版社,戴尔・卡耐基,2011年10月,http://item.jd.com/10826126.html
我最需要的金融常识书,￥28.00,上海财经大学出版社,谢海涛,2011年08月,http://item.jd.com/10827844.html
生命最后的读书会,￥38.00,中国友谊出版公司,威尔・施瓦尔贝,2013年07月,http://item.jd.com/11290494.html
拼职场不栽跟头：成就金牌员工的救命书（套装全7册）,￥201.20,武汉出版社,李上卿,2013年12月,http://item.jd.com/11346482.html
口口相传的海南旅游书（全彩）,￥39.80,电子工业出版社,,2012年08月,http://item.jd.com/11085725.html
不列颠图解科学丛书：宇宙,￥50.00,中国农业出版社,,2013年03月,http://item.jd.com/11233369.html
大书库：中国上下五千年・世界上下五千年（全4册套装）,￥498.00,辽海出版社,,2012年04月,http://item.jd.com/1037535439.html
正能量1 + 2  套装全2册 世界级心理学大师理查德 怀斯曼顶级巨著 成功励志书籍,￥59.60,湖南文艺,理查德怀斯曼民,,http://item.jd.com/1033624173.html
笑猫日记套装(全套全集共19册) 杨红樱 儿童文学 正版畅销儿童书籍,￥285.00,明天,杨红樱,2006年05月,http://item.jd.com/1051391489.html
幼儿版十万个为什么全套8册畅销儿童读物童书籍包邮我的第一套百科全书,￥110.40,河北少年儿童出版社,,,http://item.jd.com/1056024131.html
4册免邮美绘本 格林童话 安徒生童话 伊索寓言 一千零一夜故事 彩图注音正版全集童话故事书,￥52.10,湖北美术出版社,,,http://item.jd.com/1056064322.html
正版秒杀小熊宝宝绘本全套15册系列畅销童书早教绘本幼儿启蒙认知,￥75.00,连环画,,,http://item.jd.com/1056707581.html
不一样的卡梅拉（1-12）（套装共12册）幼儿经典绘本 儿童爆笑校园动漫画书,￥120.00,21世纪出版社,,,http://item.jd.com/1058889288.html
爱和自由 捕捉儿童孩子的敏感期 孙瑞雪 育儿书籍 2本,￥56.60,中国妇女出版社,,,http://item.jd.com/1059331287.html
